{"RES":{"EM_FILE_RECEIVE_LIST":{"TITLE":"外部文件接收"},"COMMON_OPERATION":{"CANCEL":"作废"},"SYS_USER_LIST":{"RESET_PWD":"重置密码","LEAVE":"创建&启动请假单流程","MODIFY_PWD":"修改密码"},"COMMON":{"FREEZE":"冻结","AUDIT":"审批","VIEW_DETAIL":"查看详细","ALTER":"更改","VIEW_CHANGE_LOG":"查看更改日志","BROWSE":"浏览","QIANSHOU":"签收","CREATE":"创建","EFFECTIVE":"生效","CANCEL_DELETE":"撤销删除","COMPLETE":"完成","MULTI_LINE_EFFECT":"多行生效","DELETE":"删除","EVALUATE":"评估","PGRWFP":"评估任务分配","CHILD_NODE":"子节点","WRITE_OFF":"冲销","CONFIRM":"确认","APPLY_CHANGE_MANAGE":"适用性变更管理","MENU_AUTH_EDIT":"角色菜单设置","DISABLE":"禁用","CANCEL_FREEZE":"取消冻结","UPLOAD_ATTACHMENT":"上传附件","CHANGE_VERSION":"改版","DOMAIN_AUTH_EDIT":"数据域权限设置","COPY":"复制","EDIT":"编辑","PUBLISH":"发布","ENABLE":"启用","RELEASE":"发布","CANCEL_CONFIRM":"取消确认","ADD_TO":"添加","OPT_AUTH_EDIT":"操作权限设置","CREATE_MAINTENANCE_REQUIRE":"生成维修需求","SUBMIT_APPROVAL":"提交审批","CANCEL_COMPLETE":"撤销完成","CANCEL":"取消","APPROVAL_TRACK":"审批轨迹","PRINTCONT":"打印合同","DAYIN":"打印","KEEP_DELAY":"保留延期"}},"NAV":{"TAB":{"CLOSE_ALL_OPTION":"关闭全部选项卡","CLOSE_OTHER_OPTION":"关闭其他选项卡","CLOSE_OPTION":"关闭操作","LOCATE_OPTION":"定位当前选项卡","MAIN":"首页","LOG_OUT":"退出"},"USER_MENU":{"CONTACT":"联系方式","PROFILE":"个人资料","MAIL":"邮箱","AVATOR":"修改头像","LOG_OUT":"安全退出"}},"HUISHOUZHAN":"回收站","MENU_E":"I18N管理","COMMON_OPERATION":{"ADD":"增加","ALL":"全部","RESET":"重置","CHONG":"冲销","ADDRELFUNCSERV":"增加关系","UPLOAD":"上传","SHENGX":"生效","GUANB":"关闭","CANCEL_EDIT_ROW":"取消编辑","CLOSETO":"Close TO","SEARCH":"搜索","DEL_ROW":"删除行","XXXX":"详细信息","ZC":"暂存","EDIT":"编辑","SURE":"确定","EDIT_ROW":"编辑行","SYNC_DBTABLE":"同步数据库表","QUERY":"查询","TEST":"测试","COMPARE":"对比","CHECK":"选中","QUEREN":"确认","CHECKLOCATION":"查看位置清单","DELRELFUNCSERV":"删除关系","RELOAD":"刷新","ACCOUNTINFO":"账户信息","GBD":"改版D","DOWNLOAD":"下载","PAISHENG":"派生","ANALYSIS":"解析","PINGGU":"评估","CHAKAN":"查看","GBR":"改版R","MYDEL":"自用删除","SAVE":"保存","RIZHI":"日志","JIEXI":"解析","SX":"生效","CJ":"创建","DEL":"删除","EXTENTION":"续保","MORE":"更多","TH":"退回","CX":"查询","CANCEL":"取消","PG":"评估","CANCELCHECK":"取消选中","SUBMIT":"提交"},"MENU":{"MM":{"T":"航材管理"},"oneslf":{"i18n":"自用i18n"},"TRA":{"T":"培训管理"},"BASECONFIG":"基础配置","SYSCONF":{"T":"系统配置","PMOSM":{"T":"生产组织机构管理"},"SYSM":{"ROLE":"角色管理","T":"底层配置","PERM":"权限管理","FUNC":"功能列表","SERVICE":"服务列表","MENU":"菜单维护管理","USER":"用户管理"},"DATA_GRID":"数据表格维护","PMGR":{"AC":"附件控制","MO":"维修订单","MP":"维护计划","T":"生产管理","MPJ":"维修项目","MC":"维修机会","MT":"维修任务","MEP":"维修执行方案","TO":"技术对象管理","NI":"计量点数据维护"}},"ORG":"组织结构配置","DAPM":{"ZDZSJ":"站点主数据"},"EM":{"JOBCARD":{"AIRLINE":"航线工卡","EOJC":"EO工卡","T":"工卡管理","STDC":"定检工卡"},"T":"工程管理","CMPM":{"T":"维修方案管理","MPDFILES":"维修方案管理","CMP":"维修方案管理","PLANE_STRUCT":"飞机构型","EVAL":"MPD条目评估","MPD_CONFIG":"MPD分发配置管理"},"EXFM":{"T":"执行文件管理"},"MANUAL":{"T":"手册管理","ANALYSIS":"手册解析管理"},"MDATA":{"T":"主数据"},"EFM":{"T":"工程文件管理"},"EXFMR":{"T":"执行文件监控"}},"XML_EDITOR":{"T":"XML Edito"},"COMFUNC":{"T":"跨模块功能","MDATA":{"FLEET":"机队管理","FLANE_TYPE":"机型/型号维护"}},"AM":{"T":"航材管理"},"DICT":"数据字典维护","PRODUCT":{"CON":"生产管理配置"},"PM":{"RC":{"T":"定检类型配置"},"SPM":{"T":"串件管理"},"PMP":{"T":"生产计划"},"MWORCTRL":"维修订单管理","T":"生产管理","MEXC":{"T":"维修执行"},"NRM":{"T":"非例行管理"},"MDATA":{"T":"主数据管理"},"CHECKPARA":"定检评估","PERSIST":{"T":"保留管理"}}}}