{"ERRMSG":{"EMCEIMP":{"EM_CEIMP_FLEET_STATUS_S":"只有方案在【草稿】状态下才可以生效","NOT_DO_CONG":"你在工程评估时，关联的评估单没有维护构型，此时你只能通过编辑增加飞机适用性","HAVE_EXIST_CMP":"该条目号下已存在未完成的评估单，不可再评估","HAVE_NOT_DO_EVAL":"上一版次的评估单未处理完成，请处理完后再进行分发","HAVE_TO_VER":"该TO编号+版次已存在","HAVE_HIGER_VER_EO":"存在更高版次的EO版本，请对最高版次的进行改版","HAVE_EXCEPTION":"#{0}","EM_CEIMP_FLEET_STATUS":"只有方案在【草稿】状态下才可以增加","EM_CEIMP_FLEET_HAVE":"该机队已存在方案","HAVE_TIJIAOSHENPI":"存在延期流程，请勿重复提交","EM_CEIMP_REV_CODE":"该项目只能执行'D修订'","HAVE_TO_NO":"该TO编号已存在","HAVE_HIGER_VER_TO":"存在更高版次的TO版本，请对最高版次的进行改版","HAVE_HIGER_VER":"存在更高版次的工卡，请对最高版次的进行改版","HAVE_EXSIT_RECORD":"该文件已存在，若需重新上传，请先删除历史文件","HAVE_EO_NO":"该EO编号已存在","HAVE_ANALYSIS_DATA":"该条目已经分发，若须重新分发清先清理解析数据","HAVE_NOT_CPKID":"没有构型,请先增加构型","HAVE_EBEI_NO":"该编号已存在","HAVE_EB_VER":"该编号+版次已存在","HAVE_NOT_ENGINNER":"章节为#{0}机队为#{1}的工程师没有维护，请到主数据中的分工规则配置模块设置","HAVE_EO_VER":"该EO编号+版次已存在"},"LM":{"ERR_TIME_SET":"超出计划停场时间，是否确认保存？"},"MOD":{"EM_MOD_NO_SHEET":"EXCEL文件缺失sheet页","EM_MOD_NO_MSN":"当前文件的【MSN】与该机号不匹配"},"WPRKFLLOW":{"ERR_PROC_START_ERROR":"流程启动失败!"},"SERIALNUMBER":{"NOT_FIND_SERIAL_NUM_CODE":"未找到对应的流水号编码","UNKONE_SERIAL_NUM_CODE":"未知异常"},"DEFECT":{"OBJECT_NULL":"请求参数有误","DATA_ERROR":"数据有问题","STATUS_ERROR":"状态不对"},"EM":{"JOBCARD":{"ERROR_JOCARDTOPM":"工卡发布往生产推送数据错误","NO_REPEAT_COMMIT_ACT":"不可以重复提交","ERR_JOBCARD_REPEAT":"记录重复，请修改工卡号或版本","EM_JOB_CARD_NO_ITEM_NO":"维修方案条目号不存在，请重新输入","ERR_JOBCARD_SHOULDREVISE":"该工卡号已存在，请对其进行改版操作","NO_TOTIJIAOSHENPI":"待TO生效后再进行EO工卡的提交","EM_JOB_CARD_NO_CEP":"未检出工序","NEVER_COMMIT":"未提交，无流程信息","ERR_FORBID_NONULL":"禁装禁采类型不能为空，请选择至少一条","SYS_EXCEPTION":"系统内部错误","ERR_FORBID_NOADD":"已存在一条禁装禁采原则，不能再添加","EM_JOB_CARD_STATUS_NO":"不允许删除","NO_EOTIJIAOSHENPI":"待EO生效后再进行EO工卡的提交","ERR_JOBCARD_AREADY":"已存在周捡工卡，不可再次加入"},"TB":{"EM_TB_CLOSE":"所有发送单位反馈完毕，才可以关闭TB"}},"LOCK":{"LOCK_LOCKED":"资源被其他操作锁定，请稍后再试"},"EMCMP":{"EM_MPD_RECORD_MOD_EXIST_ERROR":"该MOD号已存在","EM_MPD_RECORD_EXIST_ERROR":"首条记录只能增加一个SB号","EM_MPD_NOT_HAVE":"间隔下的适用性飞机已为空，请核对","EM_CMP_FLEET_HAVE":"机队已存在方案","EM_MPD_INSTALL_CHECK":"存在部件没有装机/库存信息，请维护你的装机/库存信息","EM_MPD_EVALNO_ERROR":"评估单号为空，请检查数据是否准确","EM_MPD_TMP_INTERVAL_RULE":"过渡项目，‘过渡监控方法’不能为空","EM_CMP_JOIN_FAIL":"执行项目加入方案时失败","EM_MPD_WEIXIUJIANGE_CHECK":"没有维修间隔记录，应至少存在一条","ITERVAL_DONT_DEL":"必要存在的不能删除","EM_CMP_NO":"该条目下，排序编号已存在","EM_CMP_CAT_DONTHAVE":"该维修方案目录下不存在","EM_CMP_XRXM_FAIL":"写入项目间隔时出错","HAVE_THIS_ITERVAL_TYPE":"该间隔类型已经存在","SELECT_CONDITIONS":"状态未生效","EM_CMP_HG_FAIL":"项目加入方案时，回滚失败","EM_MPD_HAVE_RANGEDATA":"间隔适用性范围值重复，请核对","EM_MPD_DOC_VER":"该项目存在更高版次的评估单，请对其进行再评估","EM_MPD_ACNO_EXIST_ERROR":"请先将新飞机评估完成","EM_CMP_SZMRJG_FAIL":"设置CMP项目默认间隔失败","EM_CMP_QC_FAIL":"执行清除数据失败","EM_MPD_APPL_DESC_ERROR":"存在间隔没有适用性，请检查所有间隔是否至少一条适用性","EM_MPD_RECORD_SB_EXIST_ERROR":"SB号不能重复录入","EM_CMP_CG_HAVE":"维修方案草稿版本已经存在","EM_MPD_STATE_ERROR":"该项目存在新飞机评估单，请先完成评估","EM_MPD_CTL_TYPE_CHECK":"部件项目没有部件信息，请维护部件信息","EM_CMP_SCXM_FAIL":"删除当前草稿版方案的项目失败","EM_CMP_XR_FAIL":"加入方案：执行CMP项目信息写入时失败","EM_MPD_ACNO_EXIST_SAME_ERROR":"存在重复的间隔适用性，请核对","EM_MPD_NO":"非ALI/CMR项目，mpdNo不能为空"},"OGPM":{"PM_OG_PMAIRL_DELETE":"运营人正在使用，暂不可删除.","CANNOT_USE_HANDEL_BASE_CODE":"该执管基地交叉引用，不可使用.","CACODE1_ERROR":"二字码编码重复","PM_OG_PMPLCT_DELETE":"计划中心正在使用，暂不可删除.","PM_OG_PMBASE_DELETE":"维修基地正在使用，暂不可删除.","CANNOT_CNACEL_HANDEL_BASE":"执管基地在飞机主数据使用，不可取消标记.","CANNOT_FIND_BASE":"该执管基地不存在.","CACODE2_ERROR":"三字码编码重复"},"TDMS":{"TD_JOBCARD_PROCESS":"#{0}","TD_TAG_TRANS_REPEAT":"#{0}","NRC_ERROR_CALCULATE":"#{0}计算失败","ERR_NOT_FIND_PROC_DEF":"#{0}插入错误","NRC_ERROR_UPDATE":"#{0}","TD_JC_STYLE_REPEAT":"#{0}","EO_ERROR_SAP":"sap 推送失败","TD_MANUAL_PROCESS":"#{0}","TD_MANUAL_TYPE_REPEAT":"#{0}","TD_JC_TYPE_REPEAT":"#{0}","ERR_DEL_BY_SELF":"#{0}","COMMON_ERROR_CODE":"#{0}","MM_PARTNOT_EXIST":"#{0}"},"EMEO":{"ERR_EMEO_SAP":"#{0}"},"ATTACH":{"UPLOAD_FILE_FAIL":"上传失败,原因：#{0}"},"COMMON":{"REQUEST_PARAM_ERROR":"请求参数有误","MSG_ERROR":"#{0}","ERR_USER_LOGIN_FAIL":"用户名或密码错误","NO_SELECT_ROW_ERROR":"请先选择一行","USER_NAME_IS_LOCK":"登录账户已被锁定!","HAVE_SERVICE_ERROR":"该功能包含相关服务，暂无法删除","ORIGINAL_PWD_NOT_RIGHT":"您输入的原密码不正确!","ERR_LOGIN_FAIL_VALID_CODE":"验证码输入错误","ERROR":"#{0}","PERM_RANGE_ERROR":"没有足够的数据范围权限","DATA_ELEMENT_HAVA_CODE":"数据元素编码重复，请更换。","DEL_CONFIRM":"你确认删除吗","LOGOUT_CONFIRM":"您确定要退出吗?","NO_OPTION_AUTH":"无操作权限!","FUNC_NOT_SELECT":"请先选择左侧功能项!","NOT_LOGIN":"登录超时，请重新登录","LOGIN_FAIL":"登陆失败","EXIST_RECORD":"存在重复记录","TRA_CANT_EXEC":"业务事务不可执行","MOBILE_NOT_LOGIN":"登录超时，请重新登录","SUCCESS_CODE":"操作成功","ERR_USER_LOCKED":"用户名被锁定","OPT_SUCCESS":"操作成功","ANT_FOUND_FUNCTION":"找不到对应的功能码","DUPLICATE_ERROR":"编码重复，请修改","COMMON_ERROR_CODE":"服务器内部错误","ROLE_USEING":"角色正在被使用中，暂无法删除！"},"WS":{"ERR_DEL_BY_SELF":"#{0}","ERR_NOT_FIND_PROC_DEF":"#{0}插入错误","MM_PARTNOT_EXIST":"#{0}"},"FLB":{"RELEASE":{"RELEASE_NON_ROUTINE_TASK_NOT_COMPLETED":"非例行任务没有执行完","BASE_INFO_MISSING":"基础信息缺失","TASK_NOT_COMPLETED":"任务没有执行完","PRE_FLIGHT_HAS_NOT_LANDED":"前一个航班还没有降落","RELEASE_PARAM_ERROR":"请求参数非法","STATUS_ILLEGAL":"状态非法","OG_TASK_NOT_COMPLETED":"O/G任务没有完成"},"SYNC":{"FLIGHT_SYNC_TIME":"飞时检验失败，请检查起飞/落地时间","FLIGHT_SYNC_BUSY":"系统繁忙，请稍后再试","FLIGHT_SYNC_CHANGED":"数据已更新，同步失败"}},"WORKFLOW":{"ERR_TASK_HANDLE_FAIL":"任务操作失败","ERR_DEPLOY":"部署失败!","ERR_WORKFLOW_COMMON":"#{0}","ERR_PROC_NOT_EXIST_TASK":"该任务不存在!","ERR_ALREADY_CLAIMED_TASK":"该任务已经被签领!","ERR_NOT_FIND_PROC_DEF":"无法找到流程定义信息","ERR_TASK_ALREADY_COMPLETE":"该任务已经办理!","ERR_CANT_TRANSACT_TASK":"没有办理该任务的权限!","ERR_PROC_START_FAIL":"流程启动失败!","ERR_PROC_DEF_START_NDEL":"流程定义已启动，无法删除!","ERR_TASK_LACK_VARIABLE":"该任务缺少必要的变量信息!","ERR_VARIABLE_DATA":"流程变量数据不准确","ERR_PROC_DEF_DEPLOY":"流程定义已部署","ERR_PROC_ALREADY_DEPLOY":"该流程已部署!","ERR_PROC_ALREADY_BUSINESSKEY":"已存在业务流程!","ERR_NOT_DELETE":"该表单不可删除!"},"NRC":{"NRC_IS_NOT_EXIST":"NRC不存在"}},"EM":{"ERRMSG":{"BASEDATA":{"EM_TB_ERROR":"TB处于编写状态，不能删除，只能走作废流程","EM_FILE_SEGMENG_ERR":"分段编号重复，请重新输入","EM_NO_REPEAT_COMMIT_ERROR":"不能重复审批","EM_TB_APP_PART_ERROR":"件号+序号的组合必须唯一","EM_FILE_SEG_DELETE_ERROR":"评估单处于工作流流程中，不可删除！","EM_FILE_EVALUATE_STATUS_ERR":"请在评估单批准通过再提交审批！","EM_MT_ERROR":"MT处于编写状态，不能删除，只能走作废流程","EM_SN_PN_ERR":"件号+序号的组合必须唯一","EM_EBEI_ATTACHMENT_ERR":"找到多个文件！","EM_EBEI_NO_ATTACHMENT_ERR":"找不到文件！","EM_CMP_ACTOR_ERROR":"机队不能重复","EM_TB_STATUS_ERR":"不可以重复提交","EM_MT_REPEAT_COMMIT":"处于未编写状态，不能提交审核"}}},"ROUTE_ERR_MSG":{"DATA":{"TASK_USERCODE_ERROR":"用户编号已存在"}}}