{"TIP":{"COMMON":{"DEL_TABLE_CONFIRM":"您确定删除表吗？（警告：该操作将会删除数据库表!!!）","IMPORT_SUCCESS":"导入成功","IMPORT_CONFIRM":"导入数据将覆盖同一询价单号和询价件号的所有数据，是否确认导入？","MM_VENDORCODE_NULL":"厂商代码为空","NOT_PDF":"该合同不存在PDF","UPLOAD_FALIED":"上传失败","MM_BILLNO_NULL":"【清单编号】不能为空","WJBWK":"文件为空","CONFIRM_EXPORT":"此操作将导出所有\"未报价和报价中\"状态的模板数据，是否确认导出？","NOT_VENDOR":"当前账户不是厂商账户！","MM_SALE_OFFER":"报价单","WJBWKJ":"请选择上传文件","SYNC_DBTABLE_CONFIRM":"确定要同步数据库表信息吗?","MM_SALE_OFFER_MSG":"<br/><br/><br/>1.销售方式要求为『打包价』的销售清单，只需报总价即可；<br/>2.销售方式要求为『明细价』的销售清单，可挑选感兴趣的件号进行报价；<br/>3.销售方式要求为『打包价+明细价』的销售清单，既可报总价也可报明细价","DEL_CONFIRM":"您确定删除吗?","IMPORT_FALIED":"导入失败","LOGOUT_CONFIRM":"您确定要退出吗?","UPLOAD_SUCCESS":"上传成功","PLEASE_SELECT":"请选择一行数据","MM_SELET_DATA":"未保价不能删除","PURCHASE_AMOUNT_LIMIT":"采购金额限制","MM_PURCHASE_MSG":"<br/><br/><br/><br/><br/>是否同意采购报价所有条款，同意后可正常进行报价，否则，此功能页面将关闭！<br/><br/><br/><a href=\"javascript(0);\" onclick=\"downFile('','inquiry_platform_declaration_file_R2.docx')\"<span data-i18n=\"\"\">询报价平台声明文件R2.docx</span></a>","VENDOR":"当前账户不是厂商账户！","DEL_DATAELE":"您确定删除吗?同时将删除相关的数据域对象!","OPT_SUCCESS":"操作成功!","DEL_ADAD":"确定？","MM_MM":"导入数据将覆盖同一询价单号和询价件号的所有数据，是否确认导入？","WJBWKJW":"文件类型不正确"}}}