{"RES":{"EM_EO_JOBCARD_FABU_LIST":{"TITLE":"工卡发布"},"FLIGHT_NUMBER_MAN":{"DG":{"FLIGHT_NO":"航班号"}},"PROCESS_SERVICE_LIST":{"TITLETWO2":"结构化清单"},"PM_CONFIGSWITCH_LIST":{"TITLE":"允装构型开关"},"MPD_EVAL":{"TITLE":"查询结果"},"SYSTEM_STATUS_LIST":{"TITLE":"系统状态维护"},"PM_IMRG_LIST":{"TITLE":"计量凭证维护"},"MM_DETENTION_LIST":{"REPEAT_CHECK":"复检"},"OBJ_TRA_LIST":{"TITLE":"允许的业务事务表"},"EM_EO_JOBCARD__SHENHE_LIST":{"TITLE":"工卡审核"},"PM_CHECK_LIST":{"TITLE":"定检类型"},"EM_EO_FLEET_LIST":{"TITLE":"机队EO完成情况"},"PM_MTPACKAGEVO_LIST":{"FUJIAZUBAO":"附加组包","CHAIBAO":"拆包","CHEAKPACKAGE":"查看工作包","PUBLISHHANGXIAN":"生成航线附加工作包"},"PM_MTTASKTOPACKAGE_LIST":{"TITLE":"附加组包"},"PM_EQART_LIST":{"TITLE":"技术对象类型"},"PM_ITEMTYPE_LIST":{"PAISHENG":"派生功能位置","TITLE":"项目类型"},"EM_ACEOEXEC_LIST":{"TITLE":"单机EO构型完成情况"},"EM_AEO_EX_FLEET_LIST":{"TITLE":"机队外部文件构型完成情况"},"BM_LOCATION_LIST_TITLE":"地区维护","MM_REQUIRE_KB_LIST":{"ISSUE_CHECK":"基于发料量库存计算检测","TITLE":"库存补充需求管理","INFO":"库存补充需信息","INVENTORY_CHECK":"安全库存计算检测","KB_REQUIRE":"生成库补需求"},"BM_COUNTRY_LIST":{"TITLE":"国家维护"},"PM_MTTASK_LIST":{"SHENGCHANZHUNBEI":"生产准备","TITLE":"维修任务","CCO":"产生CCO"},"PM_CHECKPARA_LIST":{"TITLE":"定检评估"},"WS_TABLE_LIST":{"TITLE":"数据表维护管理"},"PM_JOBCARD_LS":{"TITLE":"历史数据"},"MM_PURCHASE_CONTRACT_LIST":{"TITLE":"采购合同清单"},"PM_MAINTREQ_MATERIALREQ":{"TITLE":"工具航材"},"PM_CRHD_LIST":{"TITLE":"工作中心"},"MM_PART_NUMBER_LIST":{"TITLE":"件号主数据维护"},"PM_RATIOS_LIST":{"TITLE":"日利用率维护"},"PM_ITEMCOL_LIST":{"TITLE":"执行方案控制平台"},"DEMO_LIST":{"DG":{"STATUS":"状态","NAME":"姓名"}},"PM_ABCLEV_LIST":{"TITLE":"重要性配置"},"PM_PBACTYP_LIST":{"TITLE":"排班机型维护"},"PM_CHECKRULE_LIST":{"TITLE":"定检标准"},"EM_JOBCARD_LIST":{"TITLE":"通用工卡管理"},"PM_MAINTREQ_SYXX":{"TITLE":"适用对象清单"},"PM_DISPOSE_TRANSITION_LIST":{"TITLE":"过渡检处理管理"},"PM_MTACTYP_LIST":{"TITLE":"维修方案机型维护"},"PM_WORCTRL_LIST":{"TITLE":"维修订单管理"},"MM_VENDOR_BASE_LIST":{"TITLE":"厂商主数据管理"},"PM_ACMODEL_LIST":{"TITLE":"机型主数据维护"},"MM_AGREEMENT_PURCHASE_LIST":{"EXPORT":"导入","BLOCK":"冻结"},"PM_MTREQCTRL_MAKEEFFECT":{"TITLE":"生效详情"},"USR_STAT_LIST":{"TITLE":"用户状态"},"PM_REFDOCTYP_LIST":{"TITLE":"参考资料类型"},"PM_SITE_LIST":{"TITLE":"站点主数据"},"MM_AGREEMENT_INFO_OPERATION":{"MM_AGREEMENT_INFO_JS":"寄售协议信息","MM_AGREEMENT_INFO_CG":"采购协议信息"},"EM_AET_EO_ACNO_LIST":{"TITLE":"单机外部文件构型完成情况"},"PM_PLPROF_LIST":{"TITLE":"偏离参数文件"},"PM_MAINTREQ_JGX":{"TITLE":"适用性更新"},"PM_YJPROF_LIST":{"TITLE":"预警参数文件"},"PM_MTASKTYPE_LIST":{"TITLE":"维修任务类型"},"WS_BSUNIT_LIST":{"TITLE":"维护计量单位界面"},"PM_PTST_LIST":{"TITLE":"件状管理"},"STON_BUSS_LIST":{"TITLE":"维护受影响的事务"},"OBJ_ATA_LIST":{"TITLE":"ATA章节"},"PM_MAINTREQTYP_LIST":{"TITLE":"维修需求类型"},"COM_AUTH_LIST":{"TITLE":"状态权限管理"},"MM_LEASEIN_LIST":{"TITLE":"租入合同清单"},"MM_REPAIR_LIST":{"TITLE":"修理合同清单"},"WS_ELEMENT_LIST":{"TITLE":"元素数据维护管理"},"PM_COUNTERTYP_LIST":{"TITLE":"计量点类型维护"},"OBJ_TYP_LIST":{"TITLE":"对象类型维护","BUSINESS":"允许的业务事务","DEl":"您确定删除吗？"},"EM_MT":{"TITLE":"MT管理"},"PM_MAINTREQ_JGS":{"TITLE":"控制时限"},"MM_QUOTE_LIST":{"CANCEL_CHECKED":"取消选中","TITLE":"供应报价/选择厂商","CHECKED":"选中"},"BUSS_ONST_LIST":{"TITLE":"业务事务对状态的影响"},"PM_PT_MODEL_LIST":{"TITLE":"大附件型号管理"},"PM_PARTITEM_LIST":{"TITLE":"附控条目管理","PLAN":"查看维护计划"},"SYS_STAT_LIST":{"BUSINESS":"维护受影响的事务","TITLE":"系统状态"},"PM_FUNCLOCR_LIST":{"CANCELDEL":"取消删除"},"WS_ATTACH_LIST":{"TITLE":"附件管理"},"PM_WORKPACKTYPE_LIST":{"TITLE":"工作包类型"},"MM_PURCHASEMINGXI_LIST":{"DG":{"OME_DOCUMENT":"COC"}},"PMMPLAN_CTRL_LIST":{"PAICHENGJIEGUO":"排程结果","ZHIXINGJIANGE":"执行间隔"},"PM_TRANSITION_LIST":{"TITLE":"过渡检检查管理"},"EM_TO":{"TITLE":"TO管理"},"PM_MPLATYP_LIST":{"TITLE":"维护计划类型"},"PM_NONROUTINEAHNGCAI_LIST":{"TITLE":"工具/器材需求"},"PM_MAINTREQ_LIST":{"INIT":"初始化屏幕","TITLE":"维修需求信息"},"PM_CONFIGURATION_DETAIL_LIST":{"TITLE":"节点详细信息"},"PM_WORK_TYPE":{"TITLE":"工种配置"},"PM_OG_PMAIRL_LIST":{"TITLE":"营运人管理"},"DATA_DOMAIN_LIST":{"TITLE":"数据域维护"},"PM_NONROUTINE_LIST":{"DELIVER":"移交","REMOVE":"拆换信息","TITLE":"非例行工作管理","RELEASE":"释放","CLOSENRC":"关闭","CREATEMTTASK":"生成任务"},"EM_JOB_DEADLINE":{"TITLE":"工作时限"},"UST_CTRL_LIST":{"TITLE":"用户自定义状态"},"WS_SYS_MESSAGE":{"TITLE":"详细信息"},"TM_HR_ARCHIVE_LIST":{"TITLE":"人员档案管理"},"WS_BSUNITD_LIST":{"TITLE":"计量单位维护管理"},"PM_DEFECT_TYPE_LIST":{"TITLE":"缺陷类型"},"PM_EQTYP_LIST":{"TITLE_DA":"设备种类管理","TITLE":"设备种类"},"PM_FLIGHT_LIST":{"TITLE":"飞行记录"},"OBJ_ECST_LIST":{"TITLE":"对象记录维护"},"DA_ACREG_LIST":{"TITLE":"飞机主数据"},"PM_TASKTYPE_LIST":{"TITLE":"工作类别"},"MPD_FILES":{"TITLE":"查询结果"},"PM_EFFCONFIG_LIST":{"TITLE":"适用性表达式配置"},"PM_ITEMCOL_JG":{"TITLE":"原始间隔"},"PM_CHECKRULE_EFFECT":{"TITLE":"反馈信息"},"EM_EO_EX_FLEET_LIST":{"TITLE":"发动机型号外部文件构型完成情况"},"PM_OG_PMPLCT_LIST":{"TITLE":"计划中心管理"},"PM_IFMTORDER_LIST":{"TITLE":"维修订单管理"},"PM_STASKCTRL_LIST":{"TITLE":"零星任务管理"},"PM_OG_PMBASE_LIST":{"TITLE":"维修基地管理"},"PM_PLACTYP_LIST":{"TITLE":"计划机型维护"},"PM_MAINTREQ_SYXS":{"TITLE":"适用性表达式"},"PM_MAINTREQ_OBJLIST":{"TITLE":"适用对象清单"},"PM_MC_INCIDENT_LIST":{"DG":{"CRITICAL_TYPE":"事件类别","REV":"版本号","STATUS":"状态","IS_SDR":"是否SDR","STATION":"航站","INCIDENT_DATE":"日期","CI_NO":"编号","DELAY_TIME":"延误时间","FLIGHT_NO":"航班号","ACNO":"飞机号","ATA":"ATA"}},"PM_DOCTYPE_LIST":{"TITLE":"单据类型"},"PM_DDF_LIST":{"TITLE":"故障保留管理"},"PM_CHECKRULE_CHANGE":{"TITLE":"反馈信息"},"PM_OG_COMPANY_LIST":{"TITLE":"公司代码管理"},"PM_MPLANTYPE_LIST":{"TITLE":"单控条目计划及任务配置管理"},"PM_NONROUTINEBUZHONG_LIST":{"TITLE":"修复步骤"},"MMREQUIREBALANCE_LIST":{"DIAOPEI":"申请调配","TITLE":"调配分析"},"PM_MPTYPE_LIST":{"TITLE":"方案类型"},"PM_MTPACKAGE_LIST":{"TITLE":"工作包计划编制与发布"},"EVENT_MANAGEMENT_LIST":{"DG":{"TEST_UPLOAD":"附件"}},"PM_ACGROUP_LIST":{"TITLE":"飞机分组"},"PM_MTPACKAGE_GET_LIST":{"TITLE":"工作包管理","DOWNLOAD_WORK_CARD":"下载工卡","SELECT":"查询"},"PM_ACCESSORY_LIST":{"ANZHUANGCHAIXIE":"安装拆卸","CANCELDELETE":"取消删除","TITLE":"附件拆换管理","CONFIRM":"确认"},"PM_COACTYP_LIST":{"TITLE":"构型机型维护"},"PM_EQUI_LIST":{"UPDATEPARTID":"修改物料号","UPDATESERIAL":"修改序列号","TITLE":"设备主数据管理"},"PM_DWI_LIST":{"TITLE":"保留工作项目","QUXIAO":"取消","SHIFANG":"释放"},"SMA_ROF_LIST":{"TITLE":"状态参数文件管理","DEL":"您确定删除与该状态相关的信息吗？","SMAOBJ":"适用的对象类型"},"MM_PLANRULE_LIST":{"TITLE":"计划员设置"},"PM_JCTYPE_LIST":{"TITLE":"工卡类型"},"PM_POINT_LIST":{"TITLE":"计量点数据维护"},"EM_POSTPONE_APPLICATION_LIST":{"TITLE":"延期申请"},"EM_ENGEOEXEC_LIST":{"TITLE":"单发EO构型完成情况"},"MM_VENDORREPAIR_LIST":{"TITLE":"厂商维修能力"},"PM_DERIVECONF_PAISHENG_LIST":{"TITLE":"派生数据"},"PM_ALLOWEDOPT_LIST":{"TITLE":"表达式允许的操作符"}},"PM_MC_INCIDENT_LIST":{"DG":{"FEEDBACK_STATUS":"各处室反馈状态"}},"MM_PINVOICE_INVOICENO_NULL":"请输入发票号","MM_REQUIRE_SCPG_LIST":{"EVALUATE_CONFIRM":"评估确认"},"PAGE":{"ATTACHMENT":{"LIST_TITLE":"文件管理列表"},"ALL_TABLE_LIST":{"TITLE":"对象类型管理"},"SYSUSER":{"QY_USER_NAME":"用户姓名：","PAGE_TITLE":"用户管理"},"PM_MPLATYP_LIST":{"TITLE":"维护计划类型"},"USR_STAT_LIST":{"TITLE":"用户状态维护"},"PROCESS_SERVICE_LIST":{"TITLE":"流程服务管理"},"WS_SYS_PERM_SERVICE_LIST":{"TITLE":"权限管理"},"PM_MTPACKAGE_GET_LIST":{"PRODCARDWORD":"生成原始工卡","PRODCARD":"生成工卡"},"SYS_MENU_LIST":{"TITLE":"菜单维护管理"},"GENERATE_RETURN_BILL":"生成退料单","PROCESS_FORM_LIST":{"TITLE":"流程表单配置"},"I18NJSON_LIST":{"TITLE":"自用i18n"},"WS_SYS_PERM_LIST":{"TITLE":"权限组管理"},"WS_SERVICE_LIST":{"TITLE":"功能列表"},"DA_ACREG_LIST":{"TITLE":"飞机主数据"},"UPLOAD_TIPS":{"FILE_TYPE_A":"该文件类型不允许上传。</br>请上传","FILE_SIZE":"文件大小不能大于4M！","FILE_NAME_REG":"上传文件名不能包含特殊字符或空格！","FILE_NOT_EXISTS":"请选择要上传的文件","FILE_PATH":"上传文件路径不正确！","FILE_TYPE_B":"类型的文件。</br>当前文件类型为"},"FLOW_DEFINITION_LIST":{"TITLE":"流程定义管理"},"WS_FUNCTION_LIST":{"TITLE":"功能列表"},"WS_DATAGRID_LIST":{"TITLE":"数据表格维护"},"PROCESS_P_INSTANCE_LIST":{"TITLE":"流程历史任务管理"},"PM_SER_LIST":{"TITLE":"流程号规则"},"PROCESS_DEFINITION_LIST":{"XMLPROCESS":"流程定义管理按钮"},"ONLY_SERVICE_LIST":{"TITLE":"服务列表"},"LOG_LIST":{"TITLE":"日志信息"},"SYS_ROLE_LIST":{"TITLE":"角色管理"},"FLOW_INSTANCE":{"VIEW_PROCESS_DIAGRAM":"查看流程图","INST_DELETE":"删除流程实例","ACT_HIS_LIST":"查看历史轨迹"},"WS_SYS_TABLE_LIST":{"TITLE":"菜单维护管理"}},"EM_NEWAC_SB_FILE_NULL":"文件不能为空","EM_NEWAC_SB_FILE_ERROR":"文件类型有误","MM_PINVOICE_TAXRATE_NULL":"开票税率不能为空","MM_INVENTORY_LIST":{"TITLE":"库存记录"},"EM_NEWAC_AD_SELECTED_MUCH":"请选择一行数据","MM_RINVOICE_DETAIL_LIST":{"TITLE":"修理发票清单"},"MM_PINVOICE_INVOICENO_REPEAT":"发票号重复","EM_NEWAC_SB_WORKFLOW":"工作流当前状态不允许此操作","MM_PINVOICE_VENDORNAME_NULL":"厂商不能为空","MM_PINVOICE_PRICE_NULL":"开票单价不能为空","MM_PINVOICE_INVOICENO_ERROR":"发票号有误","MM_PINVOICE_IS_PAY":"发票已支付","MM_PINVOICE_PKID_NULL":"请先保存","MM_OEDER_LIST":{"TITLE":"合同清单"},"MM_PINVOICE_DETAIL_LIST":{"TITLE":"采购发票清单"},"PINVOIC_OPERATION":{"ADD":"增加（参考合同）"}}